REGION	POS	REF	ALT	REF_DP	REF_RV	REF_QUAL	ALT_DP	ALT_RV	ALT_QUAL	ALT_FREQ	TOTAL_DP	PVAL	PASS	GFF_FEATURE	REF_CODON	REF_AA	ALT_CODON	ALT_AA
NC_045512.2	241	C	T	0.0	0	33	1000.0	0	33	1.0	1000	0	TRUE	NA	NA	NA	NA	NA
NC_045512.2	405	A	G	600.0	0	33	400.0	0	33	0.4	1000	0	TRUE	NA	NA	NA	NA	NA
NC_045512.2	670	T	G	399.9999999999999	0	33	600.0000000000001	0	33	0.6000000000000001	1000	0	TRUE	NA	NA	NA	NA	NA
NC_045512.2	833	T	C	800.0	0	33	200.0	0	33	0.2	1000	0	TRUE	NA	NA	NA	NA	NA
NC_045512.2	1059	C	T	800.0	0	33	200.0	0	33	0.2	1000	0	TRUE	NA	NA	NA	NA	NA
NC_045512.2	1627	C	T	800.0	0	33	200.0	0	33	0.2	1000	0	TRUE	NA	NA	NA	NA	NA
NC_045512.2	2128	T	C	800.0	0	33	200.0	0	33	0.2	1000	0	TRUE	NA	NA	NA	NA	NA
NC_045512.2	2790	C	T	399.9999999999999	0	33	600.0000000000001	0	33	0.6000000000000001	1000	0	TRUE	NA	NA	NA	NA	NA
NC_045512.2	3037	C	T	0.0	0	33	1000.0	0	33	1.0	1000	0	TRUE	NA	NA	NA	NA	NA
NC_045512.2	3242	G	A	800.0	0	33	200.0	0	33	0.2	1000	0	TRUE	NA	NA	NA	NA	NA
NC_045512.2	4002	C	T	800.0	0	33	200.0	0	33	0.2	1000	0	TRUE	NA	NA	NA	NA	NA
NC_045512.2	4184	G	A	399.9999999999999	0	33	600.0000000000001	0	33	0.6000000000000001	1000	0	TRUE	NA	NA	NA	NA	NA
NC_045512.2	4321	C	T	399.9999999999999	0	33	600.0000000000001	0	33	0.6000000000000001	1000	0	TRUE	NA	NA	NA	NA	NA
NC_045512.2	5720	G	A	800.0	0	33	200.0	0	33	0.2	1000	0	TRUE	NA	NA	NA	NA	NA
NC_045512.2	6443	G	A	800.0	0	33	200.0	0	33	0.2	1000	0	TRUE	NA	NA	NA	NA	NA
NC_045512.2	9344	C	T	399.9999999999999	0	33	600.0000000000001	0	33	0.6000000000000001	1000	0	TRUE	NA	NA	NA	NA	NA
NC_045512.2	9424	A	G	399.9999999999999	0	33	600.0000000000001	0	33	0.6000000000000001	1000	0	TRUE	NA	NA	NA	NA	NA
NC_045512.2	9534	C	T	399.9999999999999	0	33	600.0000000000001	0	33	0.6000000000000001	1000	0	TRUE	NA	NA	NA	NA	NA
NC_045512.2	9866	C	T	600.0	0	33	400.0	0	33	0.4	1000	0	TRUE	NA	NA	NA	NA	NA
NC_045512.2	10029	C	T	399.9999999999999	0	33	600.0000000000001	0	33	0.6000000000000001	1000	0	TRUE	NA	NA	NA	NA	NA
NC_045512.2	10097	G	T	800.0	0	33	0.0	0	33	0.0	1000	0	TRUE	NA	NA	NA	NA	NA
NC_045512.2	10097	G	A	800.0	0	33	200.0	0	33	0.2	1000	0	TRUE	NA	NA	NA	NA	NA
NC_045512.2	10198	C	T	399.9999999999999	0	33	600.0000000000001	0	33	0.6000000000000001	1000	0	TRUE	NA	NA	NA	NA	NA
NC_045512.2	10447	G	A	399.9999999999999	0	33	600.0000000000001	0	33	0.6000000000000001	1000	0	TRUE	NA	NA	NA	NA	NA
NC_045512.2	10449	C	A	399.9999999999999	0	33	600.0000000000001	0	33	0.6000000000000001	1000	0	TRUE	NA	NA	NA	NA	NA
NC_045512.2	10449	C	T	399.9999999999999	0	33	0.0	0	33	0.0	1000	0	TRUE	NA	NA	NA	NA	NA
NC_045512.2	11956	C	T	800.0	0	33	200.0	0	33	0.2	1000	0	TRUE	NA	NA	NA	NA	NA
NC_045512.2	12160	G	A	800.0	0	33	200.0	0	33	0.2	1000	0	TRUE	NA	NA	NA	NA	NA
NC_045512.2	12310	G	A	800.0	0	33	200.0	0	33	0.2	1000	0	TRUE	NA	NA	NA	NA	NA
NC_045512.2	12789	C	T	800.0	0	33	200.0	0	33	0.2	1000	0	TRUE	NA	NA	NA	NA	NA
NC_045512.2	12880	C	T	399.9999999999999	0	33	600.0000000000001	0	33	0.6000000000000001	1000	0	TRUE	NA	NA	NA	NA	NA
NC_045512.2	12970	C	T	800.0	0	33	200.0	0	33	0.2	1000	0	TRUE	NA	NA	NA	NA	NA
NC_045512.2	13536	C	T	800.0	0	33	200.0	0	33	0.2	1000	0	TRUE	NA	NA	NA	NA	NA
NC_045512.2	13704	T	C	800.0	0	33	200.0	0	33	0.2	1000	0	TRUE	NA	NA	NA	NA	NA
NC_045512.2	14408	C	T	0.0	0	33	1000.0	0	33	1.0	1000	0	TRUE	NA	NA	NA	NA	NA
NC_045512.2	14408	C	G	0.0	0	33	0.0	0	33	0.0	1000	0	TRUE	NA	NA	NA	NA	NA
NC_045512.2	15451	G	A	600.0	0	33	400.0	0	33	0.4	1000	0	TRUE	NA	NA	NA	NA	NA
NC_045512.2	15451	G	T	600.0	0	33	0.0	0	33	0.0	1000	0	TRUE	NA	NA	NA	NA	NA
NC_045512.2	15714	C	T	399.9999999999999	0	33	600.0000000000001	0	33	0.6000000000000001	1000	0	TRUE	NA	NA	NA	NA	NA
NC_045512.2	15738	C	T	600.0	0	33	400.0	0	33	0.4	1000	0	TRUE	NA	NA	NA	NA	NA
NC_045512.2	15939	T	C	600.0	0	33	400.0	0	33	0.4	1000	0	TRUE	NA	NA	NA	NA	NA
NC_045512.2	16342	T	C	600.0	0	33	400.0	0	33	0.4	1000	0	TRUE	NA	NA	NA	NA	NA
NC_045512.2	16616	C	T	800.0	0	33	0.0	0	33	0.0	1000	0	TRUE	NA	NA	NA	NA	NA
NC_045512.2	16616	C	A	800.0	0	33	200.0	0	33	0.2	1000	0	TRUE	NA	NA	NA	NA	NA
NC_045512.2	17410	C	T	399.9999999999999	0	33	600.0000000000001	0	33	0.6000000000000001	1000	0	TRUE	NA	NA	NA	NA	NA
NC_045512.2	17859	T	C	600.0	0	33	400.0	0	33	0.4	1000	0	TRUE	NA	NA	NA	NA	NA
NC_045512.2	18163	A	G	399.9999999999999	0	33	600.0000000000001	0	33	0.6000000000000001	1000	0	TRUE	NA	NA	NA	NA	NA
NC_045512.2	19326	A	G	600.0	0	33	400.0	0	33	0.4	1000	0	TRUE	NA	NA	NA	NA	NA
NC_045512.2	19955	C	T	399.9999999999999	0	33	600.0000000000001	0	33	0.6000000000000001	1000	0	TRUE	NA	NA	NA	NA	NA
NC_045512.2	20055	A	G	399.9999999999999	0	33	600.0000000000001	0	33	0.6000000000000001	1000	0	TRUE	NA	NA	NA	NA	NA
NC_045512.2	20060	G	T	800.0	0	33	200.0	0	33	0.2	1000	0	TRUE	NA	NA	NA	NA	NA
NC_045512.2	21036	C	T	800.0	0	33	200.0	0	33	0.2	1000	0	TRUE	NA	NA	NA	NA	NA
NC_045512.2	21137	A	G	600.0	0	33	400.0	0	33	0.4	1000	0	TRUE	NA	NA	NA	NA	NA
NC_045512.2	21618	C	T	399.9999999999999	0	33	600.0000000000001	0	33	0.6000000000000001	1000	0	TRUE	NA	NA	NA	NA	NA
NC_045512.2	21618	C	G	399.9999999999999	0	33	0.0	0	33	0.0	1000	0	TRUE	NA	NA	NA	NA	NA
NC_045512.2	21761	G	T	800.0	0	33	200.0	0	33	0.2	1000	0	TRUE	NA	NA	NA	NA	NA
NC_045512.2	21810	T	C	600.0	0	33	400.0	0	33	0.4	1000	0	TRUE	NA	NA	NA	NA	NA
NC_045512.2	22000	C	A	600.0	0	33	400.0	0	33	0.4	1000	0	TRUE	NA	NA	NA	NA	NA
NC_045512.2	22000	C	T	600.0	0	33	0.0	0	33	0.0	1000	0	TRUE	NA	NA	NA	NA	NA
NC_045512.2	22109	C	A	600.0	0	33	0.0	0	33	0.0	1000	0	TRUE	NA	NA	NA	NA	NA
NC_045512.2	22109	C	G	600.0	0	33	400.0	0	33	0.4	1000	0	TRUE	NA	NA	NA	NA	NA
NC_045512.2	22200	T	C	399.9999999999999	0	33	0.0	0	33	0.0	1000	0	TRUE	NA	NA	NA	NA	NA
NC_045512.2	22200	T	G	399.9999999999999	0	33	200.0	0	33	0.2	1000	0	TRUE	NA	NA	NA	NA	NA
NC_045512.2	22200	T	A	399.9999999999999	0	33	400.0	0	33	0.4	1000	0	TRUE	NA	NA	NA	NA	NA
NC_045512.2	22317	G	T	600.0	0	33	400.0	0	33	0.4	1000	0	TRUE	NA	NA	NA	NA	NA
NC_045512.2	22317	G	A	600.0	0	33	0.0	0	33	0.0	1000	0	TRUE	NA	NA	NA	NA	NA
NC_045512.2	22320	A	C	800.0	0	33	0.0	0	33	0.0	1000	0	TRUE	NA	NA	NA	NA	NA
NC_045512.2	22320	A	G	800.0	0	33	200.0	0	33	0.2	1000	0	TRUE	NA	NA	NA	NA	NA
NC_045512.2	22577	G	A	600.0	0	33	0.0	0	33	0.0	1000	0	TRUE	NA	NA	NA	NA	NA
NC_045512.2	22577	G	C	600.0	0	33	400.0	0	33	0.4	1000	0	TRUE	NA	NA	NA	NA	NA
NC_045512.2	22578	G	A	399.9999999999999	0	33	600.0000000000001	0	33	0.6000000000000001	1000	0	TRUE	NA	NA	NA	NA	NA
NC_045512.2	22599	G	A	600.0	0	33	0.0	0	33	0.0	1000	0	TRUE	NA	NA	NA	NA	NA
NC_045512.2	22599	G	C	600.0	0	33	400.0	0	33	0.4	1000	0	TRUE	NA	NA	NA	NA	NA
NC_045512.2	22599	G	T	600.0	0	33	0.0	0	33	0.0	1000	0	TRUE	NA	NA	NA	NA	NA
NC_045512.2	22664	C	A	600.0	0	33	400.0	0	33	0.4	1000	0	TRUE	NA	NA	NA	NA	NA
NC_045512.2	22674	C	A	399.9999999999999	0	33	0.0	0	33	0.0	1000	0	TRUE	NA	NA	NA	NA	NA
NC_045512.2	22674	C	T	399.9999999999999	0	33	600.0000000000001	0	33	0.6000000000000001	1000	0	TRUE	NA	NA	NA	NA	NA
NC_045512.2	22679	T	C	399.9999999999999	0	33	600.0000000000001	0	33	0.6000000000000001	1000	0	TRUE	NA	NA	NA	NA	NA
NC_045512.2	22686	C	T	399.9999999999999	0	33	600.0000000000001	0	33	0.6000000000000001	1000	0	TRUE	NA	NA	NA	NA	NA
NC_045512.2	22688	A	G	399.9999999999999	0	33	600.0000000000001	0	33	0.6000000000000001	1000	0	TRUE	NA	NA	NA	NA	NA
NC_045512.2	22688	A	T	399.9999999999999	0	33	0.0	0	33	0.0	1000	0	TRUE	NA	NA	NA	NA	NA
NC_045512.2	22775	G	A	399.9999999999999	0	33	600.0000000000001	0	33	0.6000000000000001	1000	0	TRUE	NA	NA	NA	NA	NA
NC_045512.2	22786	A	C	399.9999999999999	0	33	600.0000000000001	0	33	0.6000000000000001	1000	0	TRUE	NA	NA	NA	NA	NA
NC_045512.2	22813	G	A	399.9999999999999	0	33	0.0	0	33	0.0	1000	0	TRUE	NA	NA	NA	NA	NA
NC_045512.2	22813	G	T	399.9999999999999	0	33	600.0000000000001	0	33	0.6000000000000001	1000	0	TRUE	NA	NA	NA	NA	NA
NC_045512.2	22882	T	G	399.9999999999999	0	33	600.0000000000001	0	33	0.6000000000000001	1000	0	TRUE	NA	NA	NA	NA	NA
NC_045512.2	22895	G	T	600.0	0	33	0.0	0	33	0.0	1000	0	TRUE	NA	NA	NA	NA	NA
NC_045512.2	22895	G	C	600.0	0	33	400.0	0	33	0.4	1000	0	TRUE	NA	NA	NA	NA	NA
NC_045512.2	22896	T	A	600.0	0	33	0.0	0	33	0.0	1000	0	TRUE	NA	NA	NA	NA	NA
NC_045512.2	22896	T	C	600.0	0	33	400.0	0	33	0.4	1000	0	TRUE	NA	NA	NA	NA	NA
NC_045512.2	22896	T	G	600.0	0	33	0.0	0	33	0.0	1000	0	TRUE	NA	NA	NA	NA	NA
NC_045512.2	22898	G	A	600.0	0	33	400.0	0	33	0.4	1000	0	TRUE	NA	NA	NA	NA	NA
NC_045512.2	22898	G	C	600.0	0	33	0.0	0	33	0.0	1000	0	TRUE	NA	NA	NA	NA	NA
NC_045512.2	22910	A	G	800.0	0	33	200.0	0	33	0.2	1000	0	TRUE	NA	NA	NA	NA	NA
NC_045512.2	22917	T	A	800.0	0	33	0.0	0	33	0.0	1000	0	TRUE	NA	NA	NA	NA	NA
NC_045512.2	22917	T	G	800.0	0	33	200.0	0	33	0.2	1000	0	TRUE	NA	NA	NA	NA	NA
NC_045512.2	22928	T	C	800.0	0	33	200.0	0	33	0.2	1000	0	TRUE	NA	NA	NA	NA	NA
NC_045512.2	22928	T	G	800.0	0	33	0.0	0	33	0.0	1000	0	TRUE	NA	NA	NA	NA	NA
NC_045512.2	22942	T	G	600.0	0	33	400.0	0	33	0.4	1000	0	TRUE	NA	NA	NA	NA	NA
NC_045512.2	22942	T	A	600.0	0	33	0.0	0	33	0.0	1000	0	TRUE	NA	NA	NA	NA	NA
NC_045512.2	22992	G	A	399.9999999999999	0	33	600.0000000000001	0	33	0.6000000000000001	1000	0	TRUE	NA	NA	NA	NA	NA
NC_045512.2	22992	G	T	399.9999999999999	0	33	0.0	0	33	0.0	1000	0	TRUE	NA	NA	NA	NA	NA
NC_045512.2	22995	C	A	399.9999999999999	0	33	400.0	0	33	0.4	1000	0	TRUE	NA	NA	NA	NA	NA
NC_045512.2	22995	C	G	399.9999999999999	0	33	200.0	0	33	0.2	1000	0	TRUE	NA	NA	NA	NA	NA
NC_045512.2	22995	C	T	399.9999999999999	0	33	0.0	0	33	0.0	1000	0	TRUE	NA	NA	NA	NA	NA
NC_045512.2	23013	A	C	399.9999999999999	0	33	600.0000000000001	0	33	0.6000000000000001	1000	0	TRUE	NA	NA	NA	NA	NA
NC_045512.2	23013	A	G	399.9999999999999	0	33	0.0	0	33	0.0	1000	0	TRUE	NA	NA	NA	NA	NA
NC_045512.2	23013	A	T	399.9999999999999	0	33	0.0	0	33	0.0	1000	0	TRUE	NA	NA	NA	NA	NA
NC_045512.2	23018	T	G	600.0	0	33	200.0	0	33	0.2	1000	0	TRUE	NA	NA	NA	NA	NA
NC_045512.2	23018	T	A	600.0	0	33	0.0	0	33	0.0	1000	0	TRUE	NA	NA	NA	NA	NA
NC_045512.2	23018	T	C	600.0	0	33	200.0	0	33	0.2	1000	0	TRUE	NA	NA	NA	NA	NA
NC_045512.2	23019	T	C	600.0	0	33	400.0	0	33	0.4	1000	0	TRUE	NA	NA	NA	NA	NA
NC_045512.2	23031	T	C	600.0	0	33	400.0	0	33	0.4	1000	0	TRUE	NA	NA	NA	NA	NA
NC_045512.2	23055	A	G	399.9999999999999	0	33	600.0000000000001	0	33	0.6000000000000001	1000	0	TRUE	NA	NA	NA	NA	NA
NC_045512.2	23063	A	T	399.9999999999999	0	33	600.0000000000001	0	33	0.6000000000000001	1000	0	TRUE	NA	NA	NA	NA	NA
NC_045512.2	23075	T	C	399.9999999999999	0	33	600.0000000000001	0	33	0.6000000000000001	1000	0	TRUE	NA	NA	NA	NA	NA
NC_045512.2	23403	A	G	0.0	0	33	1000.0	0	33	1.0	1000	0	TRUE	NA	NA	NA	NA	NA
NC_045512.2	23525	C	T	399.9999999999999	0	33	600.0000000000001	0	33	0.6000000000000001	1000	0	TRUE	NA	NA	NA	NA	NA
NC_045512.2	23599	T	G	399.9999999999999	0	33	600.0000000000001	0	33	0.6000000000000001	1000	0	TRUE	NA	NA	NA	NA	NA
NC_045512.2	23599	T	A	399.9999999999999	0	33	0.0	0	33	0.0	1000	0	TRUE	NA	NA	NA	NA	NA
NC_045512.2	23604	C	A	399.9999999999999	0	33	600.0000000000001	0	33	0.6000000000000001	1000	0	TRUE	NA	NA	NA	NA	NA
NC_045512.2	23604	C	G	399.9999999999999	0	33	0.0	0	33	0.0	1000	0	TRUE	NA	NA	NA	NA	NA
NC_045512.2	23604	C	T	399.9999999999999	0	33	0.0	0	33	0.0	1000	0	TRUE	NA	NA	NA	NA	NA
NC_045512.2	23664	C	T	800.0	0	33	200.0	0	33	0.2	1000	0	TRUE	NA	NA	NA	NA	NA
NC_045512.2	23731	C	T	800.0	0	33	200.0	0	33	0.2	1000	0	TRUE	NA	NA	NA	NA	NA
NC_045512.2	23854	C	A	399.9999999999999	0	33	600.0000000000001	0	33	0.6000000000000001	1000	0	TRUE	NA	NA	NA	NA	NA
NC_045512.2	23854	C	T	399.9999999999999	0	33	0.0	0	33	0.0	1000	0	TRUE	NA	NA	NA	NA	NA
NC_045512.2	23948	G	T	399.9999999999999	0	33	600.0000000000001	0	33	0.6000000000000001	1000	0	TRUE	NA	NA	NA	NA	NA
NC_045512.2	23948	G	C	399.9999999999999	0	33	0.0	0	33	0.0	1000	0	TRUE	NA	NA	NA	NA	NA
NC_045512.2	24424	A	T	399.9999999999999	0	33	600.0000000000001	0	33	0.6000000000000001	1000	0	TRUE	NA	NA	NA	NA	NA
NC_045512.2	24469	T	A	399.9999999999999	0	33	600.0000000000001	0	33	0.6000000000000001	1000	0	TRUE	NA	NA	NA	NA	NA
NC_045512.2	25000	C	T	399.9999999999999	0	33	600.0000000000001	0	33	0.6000000000000001	1000	0	TRUE	NA	NA	NA	NA	NA
NC_045512.2	25416	C	T	600.0	0	33	400.0	0	33	0.4	1000	0	TRUE	NA	NA	NA	NA	NA
NC_045512.2	25563	G	C	800.0	0	33	0.0	0	33	0.0	1000	0	TRUE	NA	NA	NA	NA	NA
NC_045512.2	25563	G	T	800.0	0	33	200.0	0	33	0.2	1000	0	TRUE	NA	NA	NA	NA	NA
NC_045512.2	25584	C	T	399.9999999999999	0	33	600.0000000000001	0	33	0.6000000000000001	1000	0	TRUE	NA	NA	NA	NA	NA
NC_045512.2	26060	C	A	399.9999999999999	0	33	0.0	0	33	0.0	1000	0	TRUE	NA	NA	NA	NA	NA
NC_045512.2	26060	C	T	399.9999999999999	0	33	600.0000000000001	0	33	0.6000000000000001	1000	0	TRUE	NA	NA	NA	NA	NA
NC_045512.2	26270	C	T	399.9999999999999	0	33	600.0000000000001	0	33	0.6000000000000001	1000	0	TRUE	NA	NA	NA	NA	NA
NC_045512.2	26275	A	G	600.0	0	33	400.0	0	33	0.4	1000	0	TRUE	NA	NA	NA	NA	NA
NC_045512.2	26529	G	T	800.0	0	33	0.0	0	33	0.0	1000	0	TRUE	NA	NA	NA	NA	NA
NC_045512.2	26529	G	A	800.0	0	33	200.0	0	33	0.2	1000	0	TRUE	NA	NA	NA	NA	NA
NC_045512.2	26529	G	C	800.0	0	33	0.0	0	33	0.0	1000	0	TRUE	NA	NA	NA	NA	NA
NC_045512.2	26577	C	G	399.9999999999999	0	33	600.0000000000001	0	33	0.6000000000000001	1000	0	TRUE	NA	NA	NA	NA	NA
NC_045512.2	26709	G	A	399.9999999999999	0	33	600.0000000000001	0	33	0.6000000000000001	1000	0	TRUE	NA	NA	NA	NA	NA
NC_045512.2	26858	C	T	600.0	0	33	400.0	0	33	0.4	1000	0	TRUE	NA	NA	NA	NA	NA
NC_045512.2	27012	C	T	800.0	0	33	200.0	0	33	0.2	1000	0	TRUE	NA	NA	NA	NA	NA
NC_045512.2	27259	A	C	600.0	0	33	400.0	0	33	0.4	1000	0	TRUE	NA	NA	NA	NA	NA
NC_045512.2	27382	G	C	600.0	0	33	400.0	0	33	0.4	1000	0	TRUE	NA	NA	NA	NA	NA
NC_045512.2	27382	G	T	600.0	0	33	0.0	0	33	0.0	1000	0	TRUE	NA	NA	NA	NA	NA
NC_045512.2	27383	A	C	600.0	0	33	0.0	0	33	0.0	1000	0	TRUE	NA	NA	NA	NA	NA
NC_045512.2	27383	A	T	600.0	0	33	400.0	0	33	0.4	1000	0	TRUE	NA	NA	NA	NA	NA
NC_045512.2	27384	T	C	600.0	0	33	400.0	0	33	0.4	1000	0	TRUE	NA	NA	NA	NA	NA
NC_045512.2	27513	C	T	800.0	0	33	200.0	0	33	0.2	1000	0	TRUE	NA	NA	NA	NA	NA
NC_045512.2	27732	C	T	800.0	0	33	200.0	0	33	0.2	1000	0	TRUE	NA	NA	NA	NA	NA
NC_045512.2	27807	C	T	399.9999999999999	0	33	600.0000000000001	0	33	0.6000000000000001	1000	0	TRUE	NA	NA	NA	NA	NA
NC_045512.2	27889	C	T	800.0	0	33	200.0	0	33	0.2	1000	0	TRUE	NA	NA	NA	NA	NA
NC_045512.2	27915	G	A	600.0	0	33	0.0	0	33	0.0	1000	0	TRUE	NA	NA	NA	NA	NA
NC_045512.2	27915	G	T	600.0	0	33	400.0	0	33	0.4	1000	0	TRUE	NA	NA	NA	NA	NA
NC_045512.2	27964	C	T	800.0	0	33	200.0	0	33	0.2	1000	0	TRUE	NA	NA	NA	NA	NA
NC_045512.2	28271	A	G	399.9999999999999	0	33	0.0	0	33	0.0	1000	0	TRUE	NA	NA	NA	NA	NA
NC_045512.2	28271	A	T	399.9999999999999	0	33	600.0000000000001	0	33	0.6000000000000001	1000	0	TRUE	NA	NA	NA	NA	NA
NC_045512.2	28271	A	C	399.9999999999999	0	33	0.0	0	33	0.0	1000	0	TRUE	NA	NA	NA	NA	NA
NC_045512.2	28297	T	C	800.0	0	33	200.0	0	33	0.2	1000	0	TRUE	NA	NA	NA	NA	NA
NC_045512.2	28311	C	T	399.9999999999999	0	33	600.0000000000001	0	33	0.6000000000000001	1000	0	TRUE	NA	NA	NA	NA	NA
NC_045512.2	28330	A	G	800.0	0	33	200.0	0	33	0.2	1000	0	TRUE	NA	NA	NA	NA	NA
NC_045512.2	28881	G	A	199.99999999999994	0	33	800.0	0	33	0.8	1000	0	TRUE	NA	NA	NA	NA	NA
NC_045512.2	28881	G	T	199.99999999999994	0	33	0.0	0	33	0.0	1000	0	TRUE	NA	NA	NA	NA	NA
NC_045512.2	28882	G	A	199.99999999999994	0	33	800.0	0	33	0.8	1000	0	TRUE	NA	NA	NA	NA	NA
NC_045512.2	28882	G	T	199.99999999999994	0	33	0.0	0	33	0.0	1000	0	TRUE	NA	NA	NA	NA	NA
NC_045512.2	28883	G	C	199.99999999999994	0	33	800.0	0	33	0.8	1000	0	TRUE	NA	NA	NA	NA	NA
NC_045512.2	28883	G	A	199.99999999999994	0	33	0.0	0	33	0.0	1000	0	TRUE	NA	NA	NA	NA	NA
NC_045512.2	29510	A	C	399.9999999999999	0	33	600.0000000000001	0	33	0.6000000000000001	1000	0	TRUE	NA	NA	NA	NA	NA
